geo,pop,1-27,1-27_ratio,28-52,28-52_ratio
AL,2862427,-39.60000000000008,-1.3834413943132902,1311.8000000000002,45.82824295606491
AL0,2862427,-31.799999999999955,-1.1109453621000625,1311.6,45.821255878315846
AL01,813758,-120.19999999999992,-14.770976137868988,434.59999999999997,53.40654101096394
AL02,1170142,147.60000000000002,12.613853703225764,589.8,50.40413898484115
AL03,878527,-59.19999999999996,-6.738552144669424,287.19999999999993,32.69108405319358
ALX,0,-7.8,-inf,0.19999999999999984,inf
ALXX,0,-7.8,-inf,0.19999999999999984,inf
AT,8858775,1006.3999999999996,11.360487200544089,7497.5999999999985,84.63472658465757
AT1,3868466,587.2000000000004,15.179143360701643,2322.2,60.02896238457311
AT11,293433,2.399999999999956,0.8179039167373662,203.99999999999997,69.5218329226774
AT12,1677542,201.80000000000007,12.029505073494438,1073.0,63.9626310399382
AT13,1897491,382.9999999999999,20.18454896492262,1045.2,55.083265217068224
AT2,1803991,174.80000000000013,9.689627054680434,2314.2,128.28223644131262
AT21,560939,-61.799999999999955,-11.017240733840927,788.8000000000001,140.62135098468818
AT22,1243052,236.60000000000002,19.033797459800557,1525.4,122.7140940202019
AT3,3186318,244.40000000000026,7.6702953063693045,2861.2,89.79643588618586
AT31,1482095,26.99999999999997,1.8217455696159808,1333.8000000000002,89.99423113902957
AT32,555221,108.40000000000005,19.523757206589817,493.6000000000001,88.90153650528349
AT33,754705,90.40000000000002,11.978190153768693,677.4000000000001,89.75692489118265
AT34,394297,18.6,4.717256281432524,356.40000000000003,90.38871713454579
BE,11455519,6897.8,60.213771196224286,10311.6,90.0142542646911
BE1,1215290,1156.2,95.13778604283752,796.8000000000001,65.5645977503312
BE10,1215290,1156.2,95.13778604283752,796.8000000000001,65.5645977503312
BE2,6596233,3435.2,52.07820888073541,4868.4,73.80576156118197
BE21,1860470,598.4,32.163915569721624,1570.8000000000002,84.43027837051929
BE22,875842,986.9999999999998,112.69155852311259,227.80000000000004,26.0092573774722
BE23,1516283,521.8,34.41310098444683,1340.3999999999999,88.40038436096691
BE24,1146643,545.2,47.5474929860471,630.2,54.96043668343155
BE25,1196995,782.8,65.39709856766318,1099.1999999999998,91.82995751861952
BE3,3643996,2306.3999999999996,63.293153999071336,4646.4,127.50837267658909
BE31,404270,120.79999999999998,29.881020110322304,365.6,90.43461053256488
BE32,1346082,938.0000000000002,69.6837191196376,1907.3999999999996,141.70013416716066
BE33,1110068,820.8000000000002,73.94141620153002,1645.8,148.2611876029216
BE34,286685,131.0,45.69475207980885,234.2,81.6924499014598
BE35,496891,295.79999999999995,59.53015852571287,493.4,99.29743142862318
BG,7000039,-2454.000000000001,-35.05694753986372,17255.8,246.51005515826412
BG3,3487586,-1521.6000000000004,-43.629031656853776,8598.0,246.53155506416186
BG31,742304,-559.6,-75.38690347889813,1936.5999999999997,260.89041686424963
BG32,784168,-326.79999999999995,-41.674743167280475,2384.6,304.0930004794891
BG33,929035,-324.1999999999999,-34.896424784857395,2106.2000000000003,226.708358673247
BG34,1032079,-310.99999999999983,-30.13335219493855,2170.6,210.31335779528507
BG4,3512453,-932.3999999999995,-26.545550929791787,8657.8,246.48870746455538
BG41,2102205,-527.5999999999998,-25.097457193756068,4634.200000000001,220.44472351649816
BG42,1410248,-404.8000000000001,-28.704171181239055,4023.6,285.31151967597185
CH,8544527,766.6000000000001,8.971824888609985,5065.6,59.28473278860258
CH0,8544527,766.6000000000001,8.971824888609985,5065.6,59.28473278860258
CH01,1642580,639.7999999999998,38.95091867671589,1179.6000000000001,71.8138538153393
CH02,1877154,-90.0,-4.794492087489892,1258.6000000000001,67.04830823683088
CH03,1161105,36.19999999999999,3.1177197583336556,496.20000000000005,42.73515315152377
CH04,1520968,-141.20000000000007,-9.283561521346936,556.6,36.59511574208005
CH05,1176321,-0.39999999999997726,-0.03400432364975013,812.8,69.09678565629619
CH06,813056,-12.59999999999998,-1.5497087531486122,428.8,52.739294710327464
CH07,353343,334.8,94.7521247060222,333.0,94.242704680721
CY,875899,225.60000000000002,25.75639428746922,82.59999999999998,9.430311029011333
CY0,875899,225.60000000000002,25.75639428746922,82.59999999999998,9.430311029011333
CY00,875899,225.60000000000002,25.75639428746922,82.59999999999998,9.430311029011333
CZ,10649800,-71.60000000000059,-0.6723130950816033,17093.4,160.50442261826515
CZ0,10649800,-71.60000000000059,-0.6723130950816033,17093.4,160.50442261826515
CZ01,1308632,3.5999999999998806,0.27509643658414895,1245.4,95.16808392275293
CZ02,1369332,-91.39999999999995,-6.674787414593389,2000.0,146.05661738716398
CZ03,1226805,30.399999999999977,2.477981423290578,1733.0,141.26124363692682
CZ04,1115685,8.19999999999996,0.7349744775631079,2140.8,191.88211726428162
CZ05,1513693,-145.4000000000001,-9.605646587518082,2481.3999999999996,163.93020249152235
CZ06,1696941,-74.0,-4.360788029754717,2907.2000000000007,171.3200400013908
CZ07,1215413,46.99999999999994,3.8669982960524485,2480.2,204.06232284828283
CZ08,1203299,150.00000000000003,12.465729631621072,2105.4,174.96898110943332
DE,83019213,1450.0,1.7465836492571905,40696.25,49.02027919729858
DE1,11069533,953.75,8.615991297916542,4412.25,39.859405089627536
DE2,13076721,2117.0,16.189073698215324,6399.75,48.94002097314763
DE3,3644826,141.25,3.875356464204327,2071.0,56.82027070702415
DE4,2511917,692.5,27.568586063950363,2215.75,88.20952284649533
DE5,682986,86.75,12.701578070414328,128.25,18.777837320237897
DE6,1841179,143.5,7.793919005159194,387.5,21.046296965151132
DE7,6265809,43.25,0.6902540438114216,3164.25,50.50026261572928
DE8,1609675,-70.0,-4.348703930917732,623.5,38.73452715610294
DE9,7982448,5.25,0.06576929783945977,2303.0,28.85079865224302
DEA,17932651,-455.25,-2.538665365204509,7028.5,39.19387044336055
DEB,4084844,-431.5,-10.56343889754419,1881.25,46.054390326778694
DEC,990509,-157.0,-15.850436492752715,442.75,44.699240491504874
DED,4077937,-366.5,-8.987387495196714,6634.75,162.69868808664773
DEE,2208321,-423.0,-19.154823959016827,1301.5,58.936178209599056
DEF,2896712,-304.5,-10.511918340518491,476.0,16.432424072534655
DEG,2143145,-525.5,-24.52003947469723,1226.25,57.21731380751186
DK,5806081,-266.2000000000003,-4.584848196227374,1078.4,18.57362995796993
DK0,5806081,-266.2000000000003,-4.584848196227374,1078.4,18.57362995796993
DK01,1835562,-73.00000000000011,-3.9769836159170935,213.59999999999997,11.636763018628626
DK02,836738,143.39999999999998,17.13798106456262,167.0,19.958457725118254
DK03,1223348,-174.0,-14.223262718376128,401.20000000000005,32.79524714145117
DK04,1320678,-56.80000000000001,-4.3008212448454515,254.0,19.23254570758353
DK05,589755,-105.79999999999995,-17.939652906715494,42.599999999999994,7.223338504972403
EE,1324820,-65.00000000000011,-4.906326897238879,484.2,36.54836128681632
EE0,1324820,-65.00000000000011,-4.906326897238879,484.2,36.54836128681632
EE00,1324820,-65.00000000000011,-4.906326897238879,484.2,36.54836128681632
EL,10724599,1691.0,15.76748930193101,5773.6,53.83511308907681
EL3,3742235,404.19999999999993,10.801032003602124,1053.6,28.154298166737252
EL30,3742235,404.19999999999993,10.801032003602124,1053.6,28.154298166737252
EL4,1200055,74.20000000000002,6.183049943544256,218.4,18.19916587156422
EL41,221098,14.79999999999999,6.693864259287732,-3.8000000000000043,-1.718694877384691
EL42,344027,28.0,8.138896075017367,111.99999999999999,32.55558430006947
EL43,634930,31.39999999999999,4.9454270549509385,110.19999999999999,17.356243995401066
EL5,3074204,818.8000000000001,26.634536940294144,3495.2000000000003,113.69447180473385
EL51,599723,284.19999999999993,47.38854437798783,677.0,112.88544878218778
EL52,1873777,464.40000000000003,24.784165885268102,2346.7999999999997,125.24435938748313
EL53,267008,79.39999999999998,29.736936720997114,271.0,101.49508628954936
EL54,333696,-9.19999999999996,-2.75700038358265,200.39999999999998,60.05466052934407
EL6,2708105,372.4,13.751313187634896,993.2000000000002,36.67509199237106
EL61,718640,185.59999999999997,25.826561282422347,631.4000000000001,87.86040298341312
EL62,203869,-20.999999999999986,-10.300732333017764,19.000000000000007,9.319710206063702
EL63,655189,197.1999999999999,30.098185409095684,73.80000000000008,11.263925371152459
EL64,555960,-6.999999999999986,-1.2590833872940472,127.19999999999997,22.879343837686157
EL65,574447,17.600000000000023,3.0638161571041405,141.79999999999998,24.684609720304916
ES,46937060,41381.6,88.16402220335061,33292.59999999999,70.930305391944
ES1,4304287,138.0,3.2061059125471885,2864.399999999999,66.54760707174032
ES11,2700441,-330.0000000000001,-12.22022625193441,1090.7999999999997,40.39340241093954
ES12,1022205,341.19999999999993,33.37882323017398,1512.2000000000003,147.93510108050737
ES13,581641,126.80000000000003,21.80038889968211,262.4,45.11373854319073
ES2,4461983,2944.2,65.98411513445927,3894.6000000000004,87.2840618173579
ES21,2177880,1289.4,59.20436387679762,1166.0000000000002,53.53830330413063
ES22,649946,572.9999999999998,88.16117031261055,383.2,58.95874426490816
ES23,313571,369.00000000000006,117.67669841917781,289.0,92.16413507626662
ES24,1320586,713.7999999999997,54.05176186935192,2056.4,155.718749100778
ES3,6641649,16415.600000000002,247.16151064291415,2955.8,44.5040079654917
ES30,6641649,16415.600000000002,247.16151064291415,2955.8,44.5040079654917
ES4,5508034,9560.400000000001,173.57191331789167,5703.4000000000015,103.5469279964503
ES41,2407733,4229.200000000001,175.65070545612826,3339.4000000000005,138.6947805259138
ES42,2034877,4659.999999999999,229.00647066137165,1531.4,75.25761999373918
ES43,1065424,671.2000000000003,62.998393127994134,832.5999999999999,78.14729159470782
ES5,13729620,11491.2,83.69641694380472,9613.2,70.01796116716996
ES51,7566431,10411.6,137.60252356758426,5966.599999999999,78.85620049928427
ES52,4974969,1224.7999999999997,24.619248883761884,3169.199999999999,63.702909505566744
ES53,1188220,-145.2,-12.219959266802444,484.4,40.76686135564121
ES6,10084586,668.0000000000002,6.623970483270213,7563.000000000002,74.99564186373145
ES61,8427405,504.1999999999998,5.982861865544611,6534.8,77.5422564834608
ES62,1487663,82.40000000000003,5.538888847810292,900.4000000000001,60.5244601768008
ES63,84829,59.4,70.0232231901826,52.00000000000001,61.299791344941006
ES64,84689,21.0,24.796608768553178,69.8,82.41920438309579
ES7,2206901,163.19999999999987,7.394985094483163,687.2000000000002,31.138687236083545
ES70,2206901,163.19999999999987,7.394985094483163,687.2000000000002,31.138687236083545
FI,5517919,185.80000000000018,3.3672114432995515,786.6000000000001,14.255374172763322
FI1,5488130,198.0000000000001,3.6077862587074305,757.5999999999999,13.804337725236099
FI19,1379749,-74.6,-5.406780508628743,55.60000000000002,4.029718448790325
FI1B,1671024,541.1999999999999,32.38732657340648,224.20000000000005,13.416922797039422
FI1C,1152719,-139.60000000000008,-12.110497007510077,152.2000000000001,13.203564788990215
FI1D,1284638,-129.00000000000006,-10.041739384947359,325.59999999999997,25.345661579370997
FI2,29789,-12.2,-40.95471482762093,29.000000000000007,97.35137131155798
FI20,29789,-12.2,-40.95471482762093,29.000000000000007,97.35137131155798
FR,67012883,23090.0,34.45606123228574,38828.0,57.94109768415724
FR1,12244807,10831.6,88.45872376755305,3578.400000000001,29.223817084254584
FR10,12244807,10833.199999999999,88.47179053128399,3581.3999999999996,29.24831726625009
FRB,2565258,589.1999999999998,22.968449957080335,1393.2,54.310326680591196
FRB0,2565258,589.5999999999999,22.98404293057462,1393.6000000000001,54.32591965408548
FRC,2793333,1100.2,39.386639544945055,2492.8000000000006,89.24106076862303
FRC1,1619728,407.00000000000006,25.12767575790504,1458.8000000000002,90.06450465757216
FRC2,1173605,693.4000000000001,59.08291120095774,1035.2,88.20684983448436
FRD,3313340,510.80000000000007,15.416467974913532,2112.4,63.75439888450929
FRD1,1464500,96.20000000000005,6.568794810515538,764.4,52.19528849436667
FRD2,1848840,414.80000000000007,22.435689405248702,1348.7999999999997,72.95385214512882
FRE,5977437,1962.6,32.83347026493127,3622.2,60.59787832142773
FRE1,4052299,585.3999999999999,14.4461205848828,2827.8,69.78260982222685
FRE2,1925138,1377.9999999999995,71.57928418638039,796.2,41.358074070534165
FRF,5525291,4628.200000000001,83.76391397303782,2732.6,49.45621868603843
FRF1,1894144,2455.2,129.6205568320043,440.7999999999999,23.271725908906603
FRF2,1314964,445.20000000000005,33.85644017630901,648.8000000000001,49.3397537879364
FRF3,2316183,1728.2,74.61413886553869,1644.6,71.0047522151747
FRG,3787400,625.4,16.5126471986059,1522.8000000000002,40.20700216507367
FRG0,3787400,625.4,16.5126471986059,1523.0,40.21228283255004
FRH,3333720,111.20000000000027,3.335613068884018,811.4,24.339176655507963
FRH0,3333720,112.20000000000027,3.3656095892876507,812.3999999999999,24.36917317591159
FRI,5986318,-524.1999999999996,-8.75663471268983,2792.8000000000006,46.65305117436128
FRI1,3450045,-237.9999999999999,-6.898460744714921,1521.0000000000002,44.08638148198068
FRI2,729981,-229.59999999999988,-31.452873430952298,362.19999999999993,49.61772977652842
FRI3,1806292,-55.599999999999966,-3.0781291175513132,911.3999999999999,50.456958232666686
FRJ,5899209,19.39999999999975,0.32885764854236815,3547.6,60.1368759777794
FRJ1,2838966,307.5999999999999,10.834930745912418,1778.4,62.64252548286947
FRJ2,3060243,-287.19999999999976,-9.384875645496118,1769.9999999999995,57.83854419403948
FRK,8005882,2187.8,27.327407523618263,9095.199999999999,113.60647084231317
FRK1,1362576,-320.39999999999986,-23.514284707788764,1620.8000000000002,118.95116309108631
FRK2,6643306,2509.4000000000005,37.77336163651051,7476.4,112.54035264971988
FRL,5048405,486.20000000000005,9.630764568215112,4065.4,80.52840451588175
FRL0,5048405,486.20000000000005,9.630764568215112,4066.8000000000006,80.5561360469297
FRM,341554,53.800000000000004,15.751535628334029,167.19999999999993,48.952727826346624
FRM0,341554,54.2,15.868647417392273,167.79999999999995,49.128395509933995
FRY,2190929,507.79999999999995,23.177382744945177,894.0,40.80460845604764
FRY1,416474,159.39999999999998,38.27369775784322,345.80000000000007,83.03039325384059
FRY2,363484,72.6,19.973368841544605,224.8,61.84591343773041
FRY3,283539,-18.199999999999996,-6.4188700672570596,53.0,18.69231393212221
FRY4,857961,139.0,16.201202618767052,191.19999999999996,22.285395256893956
FRY5,269471,154.99999999999997,57.52010420416296,79.2,29.390917761094887
HR,4076246,-1511.6000000000004,-37.08313973199852,5144.6,126.20926214953663
HR0,4076246,-1511.6000000000004,-37.08313973199852,5144.6,126.20926214953663
HU,9772756,-2932.7999999999997,-30.009958296308636,11920.800000000001,121.97992050553601
HU1,3031160,-287.19999999999993,-9.474920492484722,2085.9999999999995,68.81853811742037
HU11,1752286,-16.40000000000009,-0.9359202778541911,1034.6,59.04287313828906
HU12,1278874,-270.79999999999995,-21.17487727485272,1051.3999999999999,82.21294670155152
HU2,2927175,-742.0000000000002,-25.348672354744767,4178.0,142.7314731780642
HU21,1058236,-117.00000000000003,-11.056134926424733,1361.9999999999998,128.70475016914938
HU22,989343,-225.60000000000002,-22.803011695640443,1734.6,175.32847556408646
HU23,879596,-399.4,-45.40720967353194,1081.4,122.94280556073471
HU3,3814421,-1653.2000000000003,-43.340784879277884,5908.599999999999,154.90162202861194
HU31,1126360,-693.0000000000001,-61.52562235874854,1876.2,166.57196633403174
HU32,1450960,-390.2,-26.89254011137454,2188.2,150.81049787726747
HU33,1237101,-569.9999999999999,-46.0754619065056,1844.2000000000003,149.07432780346957
HUX,0,0.0,,0.0,
HUXX,0,0.0,,0.0,
IS,356991,12.599999999999987,3.5295007437162247,37.4,10.476454588491027
IS0,356991,12.599999999999987,3.5295007437162247,37.4,10.476454588491027
IS00,356991,12.599999999999987,3.5295007437162247,37.4,10.476454588491027
IT,60359546,42267.6,70.02637163639368,36694.4,60.79303512322641
ITC,16093286,32970.200000000004,204.8692852410627,13379.8,83.13901834591145
ITC1,4356406,4803.6,110.26520485005301,4981.0,114.3373689229149
ITC2,125666,120.0,95.49122276510751,200.79999999999998,159.7886460936132
ITC3,1550640,1610.6000000000004,103.86679048650883,1468.6,94.70928132899962
ITC4,10060574,26435.999999999996,262.7683072556297,6729.4,66.88882761560126
ITF,13957942,820.5999999999999,5.879090198254154,6682.000000000001,47.87238691778488
ITF1,1311580,259.39999999999986,19.777672730599722,327.00000000000006,24.931761692005068
ITF2,305617,-32.000000000000014,-10.470621725885673,154.40000000000003,50.520749827398355
ITF3,5801692,-590.0,-10.169447119909158,3213.0,55.380395925878176
ITF4,4029053,1205.2,29.912736317938734,2314.6000000000004,57.447742682958015
ITF5,562869,-10.199999999999989,-1.812144566497709,178.0,31.62369929770515
ITF6,1947131,-11.799999999999898,-0.6060198312286075,494.99999999999994,25.422018343912143
ITG,6639482,-478.39999999999986,-7.205381383668181,3804.3999999999996,57.299650786010105
ITG1,4999891,-715.8000000000002,-14.316312095603688,2485.8,49.71708383242755
ITG2,1639591,237.39999999999998,14.479220732487551,1318.5999999999997,80.42249561018569
ITH,11652827,8418.600000000002,72.24512987277681,6225.200000000001,53.42222964436012
ITH1,531178,503.00000000000017,94.69518692415728,335.4,63.14267533670446
ITH2,541098,618.9999999999999,114.39702235084955,465.6,86.04725946131755
ITH3,4905854,2081.3999999999996,42.42686390585614,2745.0,55.95356078676618
ITH4,1215220,146.8000000000001,12.080117180428243,645.4000000000001,53.10972498806801
ITH5,4459477,5068.399999999999,113.65458326166944,2033.7999999999997,45.60624485786113
ITI,12016009,536.599999999999,4.465709038666657,6603.000000000002,54.95168986641073
ITI1,3729641,301.80000000000007,8.09193163631567,2631.4000000000005,70.55370744798228
ITI2,882015,-137.99999999999997,-15.645992415094979,499.8,56.66570296423531
ITI3,1525271,1078.6,70.71530239544316,706.8,46.33930626098575
ITI4,5879082,-705.7999999999995,-12.005275653579922,2765.0000000000005,47.03115214246034
LI,38378,2.6000000000000005,6.774714680285581,43.60000000000001,113.60675386940437
LI0,38378,2.6000000000000005,6.774714680285581,43.60000000000001,113.60675386940437
LI00,38378,2.6000000000000005,6.774714680285581,43.60000000000001,113.60675386940437
LT,2794184,-945.4000000000004,-33.834564939173674,3518.0,125.90437852339001
LT0,2794184,-945.4000000000004,-33.834564939173674,3518.0,125.90437852339001
LT01,810538,-106.19999999999999,-13.10240852372128,794.8000000000002,98.0583266916542
LT02,1983646,-839.2,-42.30593563569307,2723.2000000000003,137.28255948894108
LU,613894,36.2,5.8967834837936195,420.59999999999997,68.51345672054133
LU0,613894,36.2,5.8967834837936195,420.59999999999997,68.51345672054133
LU00,613894,36.2,5.8967834837936195,420.59999999999997,68.51345672054133
LV,1919968,-972.8000000000001,-50.66751112518543,845.2,44.021567026117104
LV0,1919968,-1039.8000000000002,-54.15715261921033,777.2,40.47984133068885
LV00,1919968,-1039.8000000000002,-54.15715261921033,777.2,40.47984133068885
ME,622182,-168.39999999999992,-27.066035340141617,270.6,43.49209716770977
ME0,622182,-168.39999999999992,-27.066035340141617,270.6,43.49209716770977
ME00,622182,-168.39999999999992,-27.066035340141617,270.6,43.49209716770977
MT,493559,71.80000000000001,14.547399601668697,380.59999999999997,77.11337449018252
MT0,493559,84.80000000000001,17.181329891664422,418.59999999999997,84.81255533786234
MT00,493559,84.80000000000001,17.181329891664422,418.59999999999997,84.81255533786234
NL,17282163,8083.799999999999,46.77539495490234,9095.6,52.629986188650115
NL1,1723829,-37.25,-2.160887187766304,565.0,32.775872780884875
NL11,583990,-63.25,-10.830664908645696,132.5,22.68874467028545
NL12,647672,2.25,0.34739806568757026,121.25,18.720895762052397
NL13,492167,23.75,4.825597815375676,311.25,63.24072926466017
NL2,3644949,1622.75,44.520513181391564,1944.5,53.34779718454222
NL21,1156431,473.0,40.90170533304624,676.0,58.455714175770105
NL22,2071972,1040.5,50.21786008691237,1065.25,51.41237429849438
NL23,416546,109.25,26.227595511660176,203.25,48.79413078027397
NL3,8252442,2717.25,32.92661735762578,4302.75,52.13911227731137
NL31,1306912,655.0,50.118141083714896,628.5,48.090460566587495
NL32,2853359,814.5,28.54530397331706,1284.5,45.01711842078056
NL33,3709139,1147.25,30.93035877059339,2332.25,62.87847395311958
NL34,383032,100.5,26.23801666701477,57.5,15.011800580630338
NL4,3660943,3667.5,100.17910685853344,1652.0,45.12498555699993
NL41,2544806,2269.5,89.18165078202425,1315.5,51.69352791529099
NL42,1116137,1398.0,125.25344110982792,336.5,30.14862870776616
NO,5328212,-438.60000000000036,-8.231654446181953,134.0,2.5149149470779317
NO0,5328212,-438.60000000000036,-8.231654446181953,134.0,2.5149149470779317
NO01,1305122,-33.20000000000002,-2.54382348929832,37.799999999999955,2.8962809607071183
NO02,386951,-109.39999999999999,-28.272313548743895,-82.79999999999997,-21.398058152065758
NO03,1005070,-16.80000000000004,-1.6715253663923948,-5.400000000000034,-0.537276010626129
NO04,780898,-27.799999999999997,-3.560003995400167,109.6,14.035123665318645
NO05,901689,-118.0,-13.086552015162654,81.60000000000004,9.049683427434518
NO06,462032,-61.4,-13.289122831319043,-81.20000000000002,-17.57454029158154
NO07,486450,-71.99999999999999,-14.80111008325624,74.40000000000002,15.294480419364788
PL,37972812,1650.3999999999996,4.346267534782517,70711.0,186.21481074406603
PL2,7849543,634.9999999999998,8.089642925709175,14838.000000000002,189.03011296326426
PL21,3360545,211.5999999999999,6.296597724476236,6598.200000000001,196.34315267315276
PL22,4488998,423.4000000000002,9.43194895609221,8239.800000000001,183.55543932075713
PL4,6151984,414.2000000000005,6.732787341449531,10788.6,175.36781630121274
PL41,3473172,103.60000000000002,2.9828640792912076,6022.200000000001,173.39193106474428
PL42,1675502,285.39999999999986,17.03370094455273,2732.8,163.10335648659327
PL43,1003310,25.200000000000045,2.5116863182864764,2033.6,202.68909908203844
PL5,3811110,88.99999999999955,2.335277648768982,7346.799999999999,192.77323404467464
PL51,2865072,139.39999999999998,4.865497271970826,5241.999999999999,182.96224318271928
PL52,946038,-50.39999999999992,-5.32748155993733,2104.8,222.48577752690696
PL6,5764951,293.20000000000005,5.0859061941723365,9472.0,164.30321784174748
PL61,2055433,221.79999999999995,10.790913642040385,3646.2,177.39327917767204
PL62,1404441,-155.20000000000013,-11.050660013485802,2295.6000000000004,163.4529325190592
PL63,2305077,226.60000000000008,9.830474209755254,3530.2,153.1488969782788
PL7,3679410,-241.5999999999999,-6.566270135701102,7753.599999999999,210.72943760004998
PL71,2453167,-369.79999999999984,-15.074391592582154,5023.8,204.78834094865942
PL72,1226243,128.2,10.454697804595009,2729.7999999999993,222.6149303196837
PL8,5335503,-184.8000000000003,-3.463590967899377,10690.800000000001,200.37098657802278
PL81,2097294,-134.60000000000002,-6.417793594984777,4153.2,198.02659999027316
PL82,2086135,51.2000000000001,2.454299458088767,4433.799999999999,212.5365808061319
PL84,1152074,-101.4,-8.801517958047834,2103.7999999999997,182.60979763452693
PL9,5380311,645.4,11.995589102563029,9821.199999999999,182.53963386131394
PL91,3053104,298.6,9.780210566033782,5209.2,170.6198020113301
PL92,2327207,346.8,14.901983364608306,4612.0,198.1774719653215
PT,10276617,2220.6,21.608278288467886,9298.2,90.47919174179597
PT1,9779826,2195.5999999999985,22.45029717297627,9124.199999999999,93.2961383975543
PT11,3572583,1350.6000000000001,37.804580047545436,3945.3999999999996,110.43550282806584
PT15,438864,24.400000000000006,5.559808961318314,158.60000000000008,36.13875824856905
PT16,2216569,224.20000000000005,10.11473137087093,1764.2,79.59147673724571
PT17,2846332,596.8000000000001,20.967336206739063,2524.2,88.68255705940136
PT18,705478,-0.4000000000000057,-0.05669914582736891,731.8000000000002,103.73108729116998
PT2,242846,6.399999999999984,2.6354150366899125,100.4,41.3430733880731
PT20,242846,6.399999999999984,2.6354150366899125,100.4,41.3430733880731
PT3,253945,-14.199999999999989,-5.591761995707727,76.60000000000001,30.1640118923389
PT30,253945,-14.199999999999989,-5.591761995707727,76.60000000000001,30.1640118923389
RO,19414458,-3279.6000000000004,-16.89256532425474,24801.4,127.74706355438818
RO1,4870384,-753.8000000000004,-15.477219044740629,7005.199999999999,143.83260128975454
RO11,2552112,-589.0000000000002,-23.078924435918182,3705.2,145.18171616292702
RO12,2318272,-164.8,-7.108743063799244,3300.0,142.34740358335864
RO2,5594735,-671.9999999999998,-12.011292760068168,6146.8,109.86758085950453
RO21,3198564,-213.39999999999986,-6.671743945095358,3745.8,117.10880257515561
RO22,2396171,-458.6,-19.138867802005784,2401.0,100.2015298574267
RO3,5245005,-543.6000000000004,-10.364146459345614,7265.8,138.5279899637846
RO31,2929832,-720.0000000000002,-24.574787905927717,4871.8,166.28257183347034
RO32,2315173,176.4000000000002,7.619301019837403,2394.0,103.40479955493606
RO4,3704334,-1310.2000000000005,-35.369380838768876,4383.6,118.33706139889114
RO41,1926860,-715.2000000000003,-37.11738268478251,2207.0,114.53867950966857
RO42,1777474,-595.0000000000001,-33.47446995005272,2176.6,122.45467444249535
RS,6963764,-869.9999999999998,-12.493243596422852,2292.4000000000005,32.918978874068685
RS1,3548830,-2.60000000000025,-0.073263582645555,2207.7999999999997,62.212052986477225
RS11,1691919,601.9999999999999,35.58089955843039,1400.4,82.76991983658793
RS12,1856911,-604.5999999999998,-32.5594495374307,807.4,43.48081302765722
RS2,3414934,-867.3999999999996,-25.400198071177936,84.60000000000002,2.477353881509863
RS21,1916855,-356.6,-18.603389406084446,517.3999999999997,26.992130338497162
RS22,1498079,-510.80000000000007,-34.09700022495476,-432.8,-28.89033221879487
SE,10230185,4169.6,40.75781620762479,1814.0000000000007,17.731839649038612
SE1,4052937,3053.4000000000005,75.33795862111847,353.79999999999995,8.729471985377517
SE11,2344124,2334.0,99.56811158454074,130.59999999999997,5.571377623368045
SE12,1708813,719.4000000000001,42.09939882245747,223.2,13.061698383614825
SE2,4425644,819.3999999999997,18.51481953812823,1089.0,24.60658832929174
SE21,864630,248.0,28.68278916993396,352.79999999999995,40.80358072238992
SE22,1521848,-59.00000000000003,-3.8768654951085804,634.2,41.67301859318408
SE23,2039166,630.3999999999999,30.914599399950756,102.00000000000006,5.00204495367224
SE3,1751604,296.8,16.944469183673935,371.19999999999993,21.192004585511334
SE31,855220,158.99999999999997,18.591707396927102,179.6,21.000444330113886
SE32,375733,132.0,35.1313299603708,113.19999999999999,30.127776905408894
SE33,520651,5.7999999999999545,1.113989985614155,78.39999999999999,15.058071529681108
SI,2080908,122.00000000000006,5.8628252666624405,3052.2000000000003,146.67635474514012
SI0,2080908,122.00000000000006,5.8628252666624405,3052.2000000000003,146.67635474514012
SK,5450421,-464.60000000000025,-8.524112174087106,2677.8,49.1301497627431
SK0,5450421,-464.60000000000025,-8.524112174087106,2677.8,49.1301497627431
SK01,659598,-2.0,-0.3032149885233127,155.59999999999997,23.590126107113722
SK02,1826145,-169.60000000000002,-9.287323843396884,772.4,42.29675080565892
SK03,1339242,-256.5999999999999,-19.16009205207124,719.8,53.74682096290289
SK04,1625436,-36.400000000000034,-2.239399151981378,1030.0000000000002,63.367613366505985
UK,66647112,59342.0,89.03911695378488,17991.0,26.994418002688548
UKC,2656980,2613.7999999999997,98.37484663038487,1119.4,42.130539183584375
UKC1,1201543,1339.9999999999998,111.52326633337299,625.3999999999999,52.04973937678468
UKC2,1455437,1273.8000000000002,87.52010564524608,494.00000000000006,33.94169586179272
UKD,7300075,8243.2,112.91938781450875,3395.8,46.51733030140101
UKD1,498083,690.1999999999999,138.57128229632409,250.40000000000003,50.2727457070408
UKD3,2822003,2895.0,102.5867088022231,1577.2000000000003,55.889380698744844
UKD4,1495318,1523.8000000000002,101.9047453451373,768.9999999999999,51.42718806300733
UKD6,931347,1114.8000000000002,119.69759928361827,24.400000000000006,2.6198613406174074
UKD7,1553324,2019.4,130.0050729918549,774.8000000000001,49.88012803510408
UKE,5486230,4898.200000000001,89.2817107558378,2710.3999999999996,49.4036888719576
UKE1,932645,573.4000000000001,61.48105656493093,551.6,59.1436184185837
UKE2,824054,855.3999999999997,103.8038769303953,-3.199999999999932,-0.38832406614128834
UKE3,1404971,1631.4000000000005,116.11627570960543,915.0,65.12589939578824
UKE4,2324560,1838.0,79.06872698489177,1247.0,53.64456069105551
UKF,4811065,4222.999999999999,87.77682280326704,2016.6,41.91587517524706
UKF1,2210381,1869.7999999999997,84.59175137679883,839.4,37.97535357026685
UKF2,1843764,1929.8000000000002,104.66632388960844,543.9999999999999,29.50486070885427
UKF3,756920,423.39999999999986,55.93721925698883,633.1999999999999,83.65481160492521
UKG,5907872,6745.6,114.17986036258065,2383.6000000000004,40.346168637370624
UKG1,1352539,1517.8,112.2185755826634,390.2,28.849445376436467
UKG2,1626956,1550.8,95.31911127283098,923.1999999999999,56.74400536953673
UKG3,2928377,3677.0,125.564433814362,1070.2,36.54584092143873
UKH,6235410,5469.200000000002,87.7119547872554,517.3999999999999,8.297770315023389
UKH1,2521676,1882.2,74.64083411191604,356.99999999999994,14.157250971179481
UKH2,1871847,2074.4000000000005,110.82102329944703,17.60000000000005,0.9402477873458702
UKH3,1841887,1512.6,82.12230174815284,142.7999999999999,7.752918610099311
UKI,8982256,9113.000000000002,101.45558086966128,182.5999999999998,2.032896857983115
UKI3,1190513,986.9999999999999,82.90543656390143,-42.20000000000003,-3.5446903981728908
UKI4,2430890,2140.6000000000004,88.05828318023441,19.80000000000001,0.814516493959003
UKI5,1940638,2033.6,104.79028030987746,266.20000000000005,13.717138384386992
UKI6,1316772,1338.0000000000002,101.61212419462142,-97.80000000000001,-7.427253920952147
UKI7,2103443,2613.8,124.2629346267049,36.60000000000005,1.740004364273244
UKJ,9175033,7712.2,84.05637342121821,1179.7999999999995,12.8588093361626
UKJ1,2417428,2199.0,90.96444651091987,208.19999999999993,8.612459192166217
UKJ2,2909838,2561.6000000000004,88.03239218128296,163.0000000000001,5.601686416907062
UKJ3,1993050,1396.6,70.07350543137402,118.59999999999997,5.950678608163366
UKJ4,1854717,1555.0,83.84028398941726,690.0,37.202441127136915
UKK,5616381,2972.0,52.91663795600761,676.9999999999999,12.054025537085177
UKK1,2516568,1929.6000000000004,76.67585378181715,264.40000000000003,10.50637217035264
UKK2,1336003,724.7999999999998,54.25137518403775,323.59999999999997,24.22150249662613
UKK3,568612,214.6,37.74102551476226,-37.00000000000003,-6.507073364614188
UKK4,1195198,102.99999999999989,8.61781897225396,125.99999999999994,10.542186315572811
UKL,3136383,2040.4,65.05583023501913,1358.8000000000002,43.32379049369928
UKL1,1968383,1228.4,62.40655400905211,1093.6,55.55829327930591
UKL2,1168000,812.0000000000002,69.5205479452055,265.2,22.705479452054792
UKM,5454238,4458.8,81.74927460077834,1545.5999999999997,28.33759729590091
UKM5,495365,184.4,37.225076458772826,-1.0,-0.20187134739030815
UKM6,470990,189.2,40.17070426123696,17.19999999999999,3.6518822055669946
UKM7,1998699,1608.9999999999998,80.50236678959662,331.0,16.560772782695143
UKM8,1541998,1624.6000000000004,105.35681628640248,665.1999999999998,43.138836755949086
UKM9,947186,851.5999999999999,89.90842347754294,533.2,56.29306176400412
